onset	duration	sample	value	stim_file
0.2500000000	n/a	128	65343	n/a
4.4199218750	n/a	2263	65471	n/a
304.4121093750	n/a	155859	65471	n/a
