onset	duration	sample	value	stim_file
0.4687500000	n/a	240	65343	n/a
4.5527343750	n/a	2331	65471	n/a
304.5449218750	n/a	155927	65471	n/a
